"ID","Category","Question","Answer","Status","ResponseTimeMs","Timestamp","ErrorMessage"
"1","إجازات","ابغى اعرف كيف اسوي طلب إجازة أمومة من البوابة؟","يمكن تسجيل طلب إجازة أمومة عبر البوابة من خلال الخطوات التالية:


الدخول على البوابة واختيار الخدمات الإلكترونية ثم طلبات الإجازة.
اختيار نوع الإجازة (إجازة أمومة) من القائمة.
تعبئة البيانات المطلوبة وإرفاق المستندات اللازمة.
مراجعة الطلب والتأكد من صحة البيانات ثم إرساله للموافقة.
بعد إرسال الطلب سيتم إشعار الموظفة بحالة الطلب عبر البوابة.

المصدر: [الأسئلة الشائعة]","success","17746","2026-09-03T06:43:38.513Z",""
